<?xml version="1.0" encoding="UTF-8"?>
<project-private xmlns="http://www.netbeans.org/ns/project-private/1">
    <editor-bookmarks xmlns="http://www.netbeans.org/ns/editor-bookmarks/2" lastBookmarkId="0"/>
    <open-files xmlns="http://www.netbeans.org/ns/projectui-open-files/2">
        <group>
            <file>file:/C:/Users/RAFII/Downloads/Compressed/ProjekRemidiOOP2/remidioop2/web/users/list.jsp</file>
            <file>file:/C:/Users/RAFII/Downloads/Compressed/ProjekRemidiOOP2/remidioop2/web/users/login.jsp</file>
            <file>file:/C:/Users/RAFII/Downloads/Compressed/ProjekRemidiOOP2/remidioop2/web/users/signup.jsp</file>
            <file>file:/C:/Users/RAFII/Downloads/Compressed/ProjekRemidiOOP2/remidioop2/src/java/controller/UsersController.java</file>
            <file>file:/C:/Users/RAFII/Downloads/Compressed/ProjekRemidiOOP2/remidioop2/web/users/form.html</file>
            <file>file:/C:/Users/RAFII/Downloads/Compressed/ProjekRemidiOOP2/remidioop2/web/users/profile.jsp</file>
            <file>file:/C:/Users/RAFII/Downloads/Compressed/ProjekRemidiOOP2/remidioop2/web/users/form_1.html</file>
            <file>file:/C:/Users/RAFII/Downloads/Compressed/ProjekRemidiOOP2/remidioop2/src/java/model/User.java</file>
        </group>
    </open-files>
</project-private>
